姓名,年龄,手机号,邮箱,地址
张三,25,13800138000,zhangsan@example.com,北京市朝阳区
李四,30,13900139000,lisi@example.com,上海市浦东新区
王五,28,13700137000,wangwu@example.com,广州市天河区
赵六,35,13600136000,zhaoliu@example.com,深圳市南山区
钱七,22,13500135000,qianqi@example.com,杭州市西湖区
张三,25,13800138000,zhangsan@example.com,北京市朝阳区
李四,30,13900139000,lisi@example.com,上海市浦东新区
孙八,40,13400134000,sunba@example.com,成都市武侯区
周九,27,13300133000,zhoujiu@example.com,武汉市洪山区
王五,28,13700137000,wangwu@example.com,广州市天河区
吴十,32,13200132000,wushi@example.com,南京市鼓楼区
赵六,35,13600136000,zhaoliu@example.com,深圳市南山区
郑十一,29,13100131000,zhengshiyi@example.com,西安市雁塔区
钱七,22,13500135000,qianqi@example.com,杭州市西湖区
王十二,26,13000130000,wangshier@example.com,重庆市渝中区
张三,25,13800138000,zhangsan@example.com,北京市朝阳区
孙八,40,13400134000,sunba@example.com,成都市武侯区
李四,30,13900139000,lisi@example.com,上海市浦东新区
周九,27,13300133000,zhoujiu@example.com,武汉市洪山区
王五,28,13700137000,wangwu@example.com,广州市天河区
